{"train/loss": 0.4423, "train/grad_norm": 0.25907793641090393, "train/learning_rate": 3.284072249589491e-06, "train/epoch": 0.04932467582512861, "train/global_step": 200, "_timestamp": 1723010100.6490507, "_runtime": 14862.449862718582, "_step": 202, "eval/loss": 0.4655280113220215, "eval/runtime": 2484.1307, "eval/samples_per_second": 10.997, "eval/steps_per_second": 5.499, "_wandb": {"runtime": 17152}}